<?xml version="1.0"?>

<!DOCTYPE ejb-jar PUBLIC "-//Sun Microsystems, Inc.//DTD Enterprise JavaBeans 1.1//EN" "http://java.sun.com/j2ee/dtds/ejb-jar_1_1.dtd">

<ejb-jar>
 <enterprise-beans>
   <session>
      <description>
            A services that handles monetary payments.
      </description>
      <ejb-name>ProcessPaymentBean</ejb-name>
      <home>com.titan.processpayment.ProcessPaymentHome</home>
      <remote>com.titan.processpayment.ProcessPayment</remote>
      <ejb-class>com.titan.processpayment.ProcessPaymentBean</ejb-class>
      <session-type>Stateless</session-type>
      <transaction-type>Container</transaction-type>
      <env-entry>
           <env-entry-name>minCheckNumber</env-entry-name>
           <env-entry-type>java.lang.Integer</env-entry-type>
           <env-entry-value>2000</env-entry-value>
      </env-entry>
      <resource-ref>
           <description>DataSource for the Titan database</description>
           <res-ref-name>jdbc/titanDB</res-ref-name>
           <res-type>javax.sql.DataSource</res-type>
           <res-auth>Container</res-auth>
      </resource-ref>
   </session>
 </enterprise-beans>
 
 <assembly-descriptor>
   <security-role>
      <description>
         This role represents everyone who is allowed full access 
         to the ProcessPayment bean.
      </description>
     <role-name>everyone</role-name>
   </security-role>

   <method-permission>
     <role-name>everyone</role-name>
     <method>
         <ejb-name>ProcessPaymentBean</ejb-name>
         <method-name>*</method-name>
     </method>
   </method-permission>

   <container-transaction>
     <method>
        <ejb-name>ProcessPaymentBean</ejb-name>
        <method-name>*</method-name>
     </method>
     <trans-attribute>Required</trans-attribute>
   </container-transaction>
 </assembly-descriptor>
</ejb-jar>
