<?xml version="1.0"?>

<!DOCTYPE ejb-jar PUBLIC "-//Sun Microsystems, Inc.//DTD Enterprise JavaBeans 1.1//EN" "http://java.sun.com/j2ee/dtds/ejb-jar_1_1.dtd">

<ejb-jar>
 <enterprise-beans>
   <entity>
      <description>
            This Cabin enterprise bean entity represents a cabin on 
            a cruise ship.
      </description>
      <ejb-name>CabinBean</ejb-name>
      <home>com.titan.cabin.CabinHome</home>
      <remote>com.titan.cabin.Cabin</remote>
      <ejb-class>com.titan.cabin.CabinBean</ejb-class>
      <persistence-type>Container</persistence-type>
      <prim-key-class>com.titan.cabin.CabinPK</prim-key-class>
      <reentrant>False</reentrant>

      <cmp-field><field-name>id</field-name></cmp-field>
      <cmp-field><field-name>name</field-name></cmp-field>
      <cmp-field><field-name>deckLevel</field-name></cmp-field>
      <cmp-field><field-name>ship</field-name></cmp-field>
      <cmp-field><field-name>bedCount</field-name></cmp-field>
   </entity>
 </enterprise-beans>
 
 <assembly-descriptor>
   <security-role>
      <description>
         This role represents everyone who is allowed full access 
         to the cabin bean.
      </description>
     <role-name>everyone</role-name>
   </security-role>

   <method-permission>
     <role-name>everyone</role-name>
     <method>
         <ejb-name>CabinBean</ejb-name>
         <method-name>*</method-name>
     </method>
   </method-permission>

   <container-transaction>
     <method>
        <ejb-name>CabinBean</ejb-name>
        <method-name>*</method-name>
     </method>
     <trans-attribute>Required</trans-attribute>
   </container-transaction>
 </assembly-descriptor>
</ejb-jar>
