<?xml version="1.0"?>

<!DOCTYPE ejb-jar PUBLIC "-//Sun Microsystems, Inc.//DTD Enterprise JavaBeans 1.1//EN" "http://java.sun.com/j2ee/dtds/ejb-jar_1_1.dtd">

<ejb-jar>
 <enterprise-beans>
   <entity>
      <description>
            This Customer enterprise bean entity represents a
            travel agent customer.
      </description>
      <ejb-name>CustomerBean</ejb-name>
      <home>com.titan.customer.CustomerHome</home>
      <remote>com.titan.customer.Customer</remote>
      <ejb-class>com.titan.customer.CustomerBean</ejb-class>
      <persistence-type>Container</persistence-type>
      <prim-key-class>com.titan.customer.CustomerPK</prim-key-class>
      <reentrant>False</reentrant>

      <cmp-field><field-name>id</field-name></cmp-field>
      <cmp-field><field-name>lastName</field-name></cmp-field>
      <cmp-field><field-name>firstName</field-name></cmp-field>
      <cmp-field><field-name>middleName</field-name></cmp-field>
   </entity>
 </enterprise-beans>
 
 <assembly-descriptor>
   <security-role>
      <description>
         This role represents everyone who is allowed full access 
         to the customer bean.
      </description>
     <role-name>everyone</role-name>
   </security-role>

   <method-permission>
     <role-name>everyone</role-name>
     <method>
         <ejb-name>CustomerBean</ejb-name>
         <method-name>*</method-name>
     </method>
   </method-permission>

   <container-transaction>
     <method>
        <ejb-name>CustomerBean</ejb-name>
        <method-name>*</method-name>
     </method>
     <trans-attribute>Required</trans-attribute>
   </container-transaction>
 </assembly-descriptor>
</ejb-jar>
